Country,Spread,,S&P,Moody's,Fitch,S&P_Numeric,Moody's_Numeric,Fitch_Numeric,Average_Rating,Ratings_Count
Switzerland,-391.5,,AAA,Aaa,AAA,22.0,22.0,22.0,22.0,3
Denmark,-169.4,,AAA,Aaa,AAA,22.0,22.0,22.0,22.0,3
Norway,-29.8,,AAA,Aaa,AAA,22.0,22.0,22.0,22.0,3
Netherlands,-141.9,,AAA,Aaa,AAA,22.0,22.0,22.0,22.0,3
Germany,-158.9,,AAA,Aaa,AAA,22.0,22.0,22.0,22.0,3
Australia,0.5,,AAA,Aaa,AAA,22.0,22.0,22.0,22.0,3
Sweden,-183.1,,AAA,Aaa,AAA,22.0,22.0,22.0,22.0,3
Singapore,-216.3,,AAA,Aaa,AAA,22.0,22.0,22.0,22.0,3
Canada,-83.8,,AAA,Aaa,AA+,22.0,22.0,21.0,21.67,3
New Zealand,28.0,,AA+,Aaa,AA+,21.0,22.0,21.0,21.33,3
United States,0.0,,AA+,Aa1,AA+,21.0,21.0,21.0,21.0,3
Austria,-126.3,,AA+,Aa1,AA,21.0,21.0,20.0,20.67,3
Finland,-120.4,,AA+,Aa1,AA,21.0,21.0,20.0,20.67,3
Taiwan,-283.3,,AA+,Aa3,AA,21.0,19.0,20.0,20.0,3
Qatar (*),21.7,,AA,Aa2,AA,20.0,20.0,20.0,20.0,3
Ireland,-136.2,,AA [upgrade],Aa3 [upgrade],AA,20.333333333333332,19.333333333333332,20.0,19.89,3
Hong Kong,-122.3,,AA+,Aa3,AA-,21.0,19.0,19.0,19.67,3
South Korea,-144.8,,AA,Aa2,AA-,20.0,20.0,19.0,19.67,3
United Kingdom,28.8,,AA,Aa3,AA-,20.0,19.0,19.0,19.33,3
Czech Republic,6.7,,AA-,Aa3,AA-,19.0,19.0,19.0,19.0,3
Belgium,-106.7,,AA [downgrade],Aa3 [downgrade],A+,19.666666666666668,18.666666666666668,18.0,18.78,3
France,-93.0,,AA- [downgrade],Aa3,AA- [downgrade],18.666666666666668,19.0,18.666666666666668,18.78,3
Slovenia,-118.9,,AA,A3 [upgrade],A [upgrade],20.0,16.333333333333332,17.333333333333332,17.89,3
Iceland,280.2,,A+,A1,A,18.0,18.0,17.0,17.67,3
Japan,-272.3,,A+,A1,A,18.0,18.0,17.0,17.67,3
China,-251.3,,A+,A1 [downgrade],A,18.0,17.666666666666668,17.0,17.56,3
Lithuania,-68.4,,A,A2,A,17.0,17.0,17.0,17.0,3
Malta,-84.8,,A-,A2,A+,16.0,17.0,18.0,17.0,3
Chile,140.7,,A,A2,A-,17.0,17.0,16.0,16.67,3
Portugal,-116.7,,A [upgrade],A3,A- [upgrade],17.333333333333332,16.0,16.333333333333332,16.56,3
Slovakia,-77.3,,A+ [downgrade],A3,A-,17.666666666666668,16.0,16.0,16.56,3
Poland,121.6,,A-,A2,A-,16.0,17.0,16.0,16.33,3
Spain,-101.2,,A,Baa1 [upgrade],A- [upgrade],17.0,15.333333333333334,16.333333333333332,16.22,3
Croatia,-107.9,,A- [upgrade],A3,A-,16.333333333333332,16.0,16.0,16.11,3
Israel,1.5,,A [downgrade],Baa1 [downgrade],A [downgrade],16.666666666666668,14.666666666666666,16.666666666666668,16.0,3
Cyprus,-126.4,,A-,A3,A-,16.0,16.0,16.0,16.0,3
Malaysia,-82.4,,A-,A3,BBB+,16.0,16.0,15.0,15.67,3
Botswana (*),432.8,,BBB+ [downgrade],A3 [downgrade],-,14.666666666666666,15.666666666666666,,15.17,2
Bulgaria,-37.3,,BBB+,Baa1,BBB+,15.0,15.0,15.0,15.0,3
Philippines,194.4,,BBB+ [upgrade],Baa2,BBB,15.333333333333334,14.0,14.0,14.44,3
Italy,-75.2,,BBB+,Baa3 [upgrade],BBB [upgrade],15.0,13.333333333333334,14.333333333333334,14.22,3
Per√π,197.8,,BBB-,Baa1,BBB,13.0,15.0,14.0,14.0,3
Indonesia,225.1,,BBB,Baa2,BBB,14.0,14.0,14.0,14.0,3
Kazakhstan,1174.8,,BBB-,Baa1,BBB,13.0,15.0,14.0,14.0,3
Mexico,492.1,,BBB,Baa2 [downgrade],BBB-,14.0,13.666666666666666,13.0,13.56,3
Greece,-89.7,,BBB,Baa3,BBB- [upgrade],14.0,13.0,13.333333333333334,13.44,3
Hungary,288.7,,BBB- [downgrade],Baa2 [downgrade],BBB,12.666666666666666,13.666666666666666,14.0,13.44,3
India,209.0,,BBB- [upgrade],Baa3,BBB-,13.333333333333334,13.0,13.0,13.11,3
Mauritius,131.7,,BBB-,Baa3 [downgrade],-,13.0,12.666666666666666,,12.83,2
Romania,305.7,,BBB- [downgrade],Baa3 [downgrade],BBB- [downgrade],12.666666666666666,12.666666666666666,12.666666666666666,12.67,3
Serbia,109.2,,BBB-,Ba2 [upgrade],BB+ [upgrade],13.0,11.333333333333334,12.333333333333334,12.22,3
Morocco,-138.8,,BB+ [upgrade],Ba1,BB+,12.333333333333334,12.0,12.0,12.11,3
Colombia,782.7,,BB [downgrade],Baa3,BB+ [downgrade],10.666666666666666,13.0,11.666666666666666,11.78,3
Vietnam,-76.1,,BB+,Ba2,BB+,12.0,11.0,12.0,11.67,3
Brazil,982.2,,BB,Ba1,BB,11.0,12.0,11.0,11.33,3
South Africa,539.7,,BB- [upgrade],Ba2,BB-,10.333333333333334,11.0,10.0,10.44,3
Jordan (*),412.5,,BB-,Ba3,BB-,10.0,10.0,10.0,10.0,3
Turkey,2706.2,,BB-,Ba3,B+ [upgrade],10.0,10.0,9.333333333333334,9.78,3
Namibia,655.7,,-,B1 [upgrade],BB-,,9.333333333333334,10.0,9.67,2
Bangladesh,628.7,,B+,B2 [downgrade],B+,9.0,7.666666666666667,9.0,8.56,3
Bahrain (*),100.7,,B+ [downgrade],B2,B+ [downgrade],8.666666666666666,8.0,8.666666666666666,8.44,3
Nigeria,1174.2,,B-,B3,B,7.0,7.0,8.0,7.33,3
Uganda,1277.1,,B-,B3,B,7.0,7.0,8.0,7.33,3
Egypt,1907.7,,B-,Caa1 [upgrade],B,7.0,6.333333333333333,8.0,7.11,3
Kenya,916.9,,B-,Caa1 [upgrade],B-,7.0,6.333333333333333,7.0,6.78,3
Pakistan,783.9,,B-,Caa2 [upgrade],B-,7.0,5.333333333333333,7.0,6.44,3
Sri Lanka,710.2,,SD,Caa1,CCC+,1.0,6.0,6.0,4.33,3
Zambia,1530.7,,SD,Caa2 [upgrade],RD,1.0,5.333333333333333,1.0,2.44,3
Ukraine (*),1678.7,,SD,Ca,RD,1.0,3.0,1.0,1.67,3
Russia,990.4,,NR,NR,NR,,,,,0
