,Country▴,S&P,Moody's,Fitch,S&P_Numeric,Moody's_Numeric,Fitch_Numeric,Average_Rating,Ratings_Count
,Argentina,CCC,Caa1,CCC+,5.0,6.0,6.0,5.67,3
,Australia,AAA,Aaa,AAA,22.0,22.0,22.0,22.0,3
,Austria,AA+,Aa1,AA,21.0,21.0,20.0,20.67,3
,Bahrain,B+ [downgrade],B2,B+ [downgrade],8.666666666666666,8.0,8.666666666666666,8.44,3
,Bangladesh,B+,B2 [downgrade],B+,9.0,7.666666666666667,9.0,8.56,3
,Belgium,AA [downgrade],Aa3 [downgrade],A+,19.666666666666668,18.666666666666668,18.0,18.78,3
,Botswana,BBB+ [downgrade],A3 [downgrade],-,14.666666666666666,15.666666666666666,,15.17,2
,Brazil,BB,Ba1,BB,11.0,12.0,11.0,11.33,3
,Bulgaria,BBB+,Baa1,BBB+,15.0,15.0,15.0,15.0,3
,Canada,AAA,Aaa,AA+,22.0,22.0,21.0,21.67,3
,Chile,A,A2,A-,17.0,17.0,16.0,16.67,3
,China,A+,A1 [downgrade],A,18.0,17.666666666666668,17.0,17.56,3
,Colombia,BB [downgrade],Baa3,BB+ [downgrade],10.666666666666666,13.0,11.666666666666666,11.78,3
,Croatia,A- [upgrade],A3,A-,16.333333333333332,16.0,16.0,16.11,3
,Cyprus,A-,A3,A-,16.0,16.0,16.0,16.0,3
,Czech Republic,AA-,Aa3,AA-,19.0,19.0,19.0,19.0,3
,Denmark,AAA,Aaa,AAA,22.0,22.0,22.0,22.0,3
,Egypt,B-,Caa1 [upgrade],B,7.0,6.333333333333333,8.0,7.11,3
,Finland,AA+,Aa1,AA,21.0,21.0,20.0,20.67,3
,France,AA- [downgrade],Aa3,AA- [downgrade],18.666666666666668,19.0,18.666666666666668,18.78,3
,Germany,AAA,Aaa,AAA,22.0,22.0,22.0,22.0,3
,Greece,BBB,Baa3,BBB- [upgrade],14.0,13.0,13.333333333333334,13.44,3
,Hong Kong,AA+,Aa3,AA-,21.0,19.0,19.0,19.67,3
,Hungary,BBB- [downgrade],Baa2 [downgrade],BBB,12.666666666666666,13.666666666666666,14.0,13.44,3
,Iceland,A+,A1,A,18.0,18.0,17.0,17.67,3
,India,BBB- [upgrade],Baa3,BBB-,13.333333333333334,13.0,13.0,13.11,3
,Indonesia,BBB,Baa2,BBB,14.0,14.0,14.0,14.0,3
,Ireland,AA [upgrade],Aa3 [upgrade],AA,20.333333333333332,19.333333333333332,20.0,19.89,3
,Israel,A [downgrade],Baa1 [downgrade],A [downgrade],16.666666666666668,14.666666666666666,16.666666666666668,16.0,3
,Italy,BBB+,Baa3 [upgrade],BBB [upgrade],15.0,13.333333333333334,14.333333333333334,14.22,3
,Japan,A+,A1,A,18.0,18.0,17.0,17.67,3
,Jordan,BB-,Ba3,BB-,10.0,10.0,10.0,10.0,3
,Kazakhstan,BBB-,Baa1,BBB,13.0,15.0,14.0,14.0,3
,Kenya,B-,Caa1 [upgrade],B-,7.0,6.333333333333333,7.0,6.78,3
,Latvia,A,A3,A-,17.0,16.0,16.0,16.33,3
,Lithuania,A,A2,A,17.0,17.0,17.0,17.0,3
,Malaysia,A-,A3,BBB+,16.0,16.0,15.0,15.67,3
,Malta,A-,A2,A+,16.0,17.0,18.0,17.0,3
,Mauritius,BBB-,Baa3 [downgrade],-,13.0,12.666666666666666,,12.83,2
,Mexico,BBB,Baa2 [downgrade],BBB-,14.0,13.666666666666666,13.0,13.56,3
,Morocco,BB+ [upgrade],Ba1,BB+,12.333333333333334,12.0,12.0,12.11,3
,Namibia,-,B1 [upgrade],BB-,,9.333333333333334,10.0,9.67,2
,Netherlands,AAA,Aaa,AAA,22.0,22.0,22.0,22.0,3
,New Zealand,AA+,Aaa,AA+,21.0,22.0,21.0,21.33,3
,Nigeria,B-,B3,B,7.0,7.0,8.0,7.33,3
,Norway,AAA,Aaa,AAA,22.0,22.0,22.0,22.0,3
,Pakistan,B-,Caa2 [upgrade],B-,7.0,5.333333333333333,7.0,6.44,3
,Perù,BBB-,Baa1,BBB,13.0,15.0,14.0,14.0,3
,Philippines,BBB+ [upgrade],Baa2,BBB,15.333333333333334,14.0,14.0,14.44,3
,Poland,A-,A2,A-,16.0,17.0,16.0,16.33,3
,Portugal,A [upgrade],A3,A- [upgrade],17.333333333333332,16.0,16.333333333333332,16.56,3
,Qatar,AA,Aa2,AA,20.0,20.0,20.0,20.0,3
,Romania,BBB- [downgrade],Baa3 [downgrade],BBB- [downgrade],12.666666666666666,12.666666666666666,12.666666666666666,12.67,3
,Russia,NR,NR,NR,,,,,0
,Serbia,BBB-,Ba2 [upgrade],BB+ [upgrade],13.0,11.333333333333334,12.333333333333334,12.22,3
,Singapore,AAA,Aaa,AAA,22.0,22.0,22.0,22.0,3
,Slovakia,A+ [downgrade],A3,A-,17.666666666666668,16.0,16.0,16.56,3
,Slovenia,AA,A3 [upgrade],A [upgrade],20.0,16.333333333333332,17.333333333333332,17.89,3
,South Africa,BB- [upgrade],Ba2,BB-,10.333333333333334,11.0,10.0,10.44,3
,South Korea,AA,Aa2,AA-,20.0,20.0,19.0,19.67,3
,Spain,A,Baa1 [upgrade],A- [upgrade],17.0,15.333333333333334,16.333333333333332,16.22,3
,Sri Lanka,SD,Caa1,CCC+,1.0,6.0,6.0,4.33,3
,Sweden,AAA,Aaa,AAA,22.0,22.0,22.0,22.0,3
,Switzerland,AAA,Aaa,AAA,22.0,22.0,22.0,22.0,3
,Taiwan,AA+,Aa3,AA,21.0,19.0,20.0,20.0,3
,Thailand,BBB+,Baa1 [downgrade],BBB+,15.0,14.666666666666666,15.0,14.89,3
,Turkey,BB-,Ba3,B+ [upgrade],10.0,10.0,9.333333333333334,9.78,3
,Uganda,B-,B3,B,7.0,7.0,8.0,7.33,3
,Ukraine,SD,Ca,RD,1.0,3.0,1.0,1.67,3
,United Kingdom,AA,Aa3,AA-,20.0,19.0,19.0,19.33,3
,United States,AA+,Aa1,AA+,21.0,21.0,21.0,21.0,3
,Venezuela,N/A,C,RD,,1.0,1.0,1.0,2
,Vietnam,BB+,Ba2,BB+,12.0,11.0,12.0,11.67,3
,Zambia,SD,Caa2 [upgrade],RD,1.0,5.333333333333333,1.0,2.44,3
